factor,top_n_avg,baseline_avg,alpha,top_bottom_spread,ic_mean,ic_ir,sample_size
factor_macd_strength,0.008607,0.008625,-1.8e-05,0.00562,-0.006095,-0.0138,2664
factor_ma60_dist,0.007244,0.008625,-0.001381,0.006244,0.004937,0.0116,2664
factor_momentum_60d,0.006173,0.008625,-0.002452,0.003041,-0.009169,-0.0217,2664
